genome_id,ddl,ftsA,ftsQ,ftsZ,lpxC,mltB,mrdA,mreB,mreC,mreD,murB,murC,murG,rlpA,rodA,rodZ
2236661048,1,0,0,0,0,1,1,1,0,1,1,1,1,1,1,1
2502790011,1,1,1,1,1,1,1,1,1,1,1,1,1,1,1,2
2506520049,1,1,1,1,1,0,1,1,1,0,1,1,1,2,1,1
2508501047,1,1,1,1,1,1,1,1,1,1,1,1,1,1,1,1
2514752027,0,1,0,1,0,0,1,0,0,0,1,0,1,3,1,0
2517093012,1,1,1,1,1,0,1,1,1,0,1,1,1,1,1,1
2556921650,1,1,1,1,1,0,1,1,1,0,1,1,1,2,1,1
2585428147,1,1,1,1,1,0,1,1,0,0,1,1,1,2,1,1
2599185268,1,1,1,1,1,0,1,1,1,0,1,1,1,4,1,1
2600255314,1,0,0,1,1,1,2,1,1,1,1,1,1,1,2,2
2619618925,1,1,1,1,1,0,1,1,1,1,1,1,1,3,1,1
2619619276,1,1,1,1,1,1,1,1,1,1,1,1,1,1,1,1
2654588010,1,1,1,1,1,0,1,1,1,1,1,1,1,1,1,1
2684622566,1,1,1,1,1,0,1,1,1,0,1,1,1,2,1,1
2710724216,1,1,1,1,1,1,1,1,1,1,1,1,1,1,1,1
2710724217,1,1,1,1,1,1,1,1,1,1,1,1,1,1,1,1
2711768587,1,1,1,1,1,1,1,0,1,1,1,1,1,3,1,1
2711768588,1,2,1,2,0,0,1,1,0,0,1,1,1,1,1,1
2721755989,1,1,1,1,1,1,1,1,1,1,1,1,1,1,1,1
2767802425,1,1,1,1,1,1,1,1,1,1,1,1,1,1,1,1
2767802433,1,1,1,1,1,1,1,1,1,1,1,1,1,1,1,1
2767802434,1,1,1,1,1,1,1,1,1,1,1,1,2,1,1,1
2772190729,1,1,0,1,1,1,1,1,1,1,1,1,1,1,1,1
2772190875,1,0,0,1,1,1,1,1,1,1,1,1,1,1,1,2
2772190905,1,1,1,1,1,1,0,0,0,0,1,1,1,1,1,1
2772190906,1,1,1,1,1,1,1,1,1,1,1,1,1,1,1,1
2788499801,1,0,0,2,1,1,1,1,1,1,1,1,1,1,1,1
2788500402,1,1,1,1,1,0,1,1,1,1,1,1,1,1,1,1
2802428810,1,1,1,1,1,0,1,1,1,0,1,1,1,1,1,1
2806310698,1,1,0,1,1,1,1,1,1,1,1,1,1,1,1,1
2828749676,2,1,1,1,1,1,1,2,1,1,1,1,1,1,1,1
2828901765,1,1,1,1,1,0,1,1,0,1,1,1,1,3,1,1
2835551090,1,1,1,1,2,1,1,1,1,1,1,1,1,1,1,1
2835554630,1,1,1,1,2,1,1,1,1,1,1,1,1,1,1,1
2835558653,1,1,1,1,2,1,1,1,1,1,1,1,1,1,1,1
2835562463,1,1,1,1,2,1,1,1,1,1,1,1,1,1,1,1
2882495133,1,1,1,1,1,0,1,1,1,0,1,1,1,0,1,1
2889727904,1,1,1,1,1,0,1,1,1,0,1,1,1,0,1,1
2890541225,1,1,1,1,1,1,1,1,1,1,1,1,1,1,1,1
2890616370,1,1,1,1,1,1,1,1,1,1,1,1,1,1,1,1
2890630416,1,1,1,1,1,1,1,0,0,0,1,1,1,1,1,0
2890631485,1,1,1,1,1,1,1,1,1,1,1,1,1,1,1,1
2894040609,1,1,1,1,1,1,1,0,0,0,1,1,1,1,1,0
2894041767,0,0,0,0,1,1,1,1,1,0,0,0,0,1,1,0
2955952073,1,0,0,1,1,1,1,2,1,1,1,1,1,1,1,2
2955963837,1,0,0,1,1,1,2,2,1,2,1,1,1,1,1,2
2955976453,1,0,0,1,1,1,2,2,1,2,1,1,1,1,1,2
2955989171,1,0,0,1,1,1,2,2,1,2,1,1,1,1,1,2
2956002012,1,0,0,1,1,1,2,2,1,2,1,1,1,1,1,2
3001836915,1,1,1,1,1,0,1,1,1,0,1,1,1,4,1,1
640963011,1,1,0,0,1,1,1,1,1,1,1,0,0,1,1,1
8002131595,1,1,1,1,1,0,0,1,0,0,1,1,1,2,0,1
8002135289,1,1,1,1,1,0,1,1,1,0,1,1,1,2,1,1
8056884285,1,1,1,1,1,0,1,1,1,0,1,1,1,4,1,1
8066494198,1,1,1,1,1,0,1,1,1,0,1,1,1,4,1,1
8071263300,1,1,1,1,1,0,1,1,1,1,1,1,0,2,1,1
8074213743,1,1,0,0,0,1,1,1,1,1,1,0,1,1,1,0
8125999560,1,1,1,1,1,0,1,1,1,1,1,1,1,2,1,1
